{
    "k0" : 0.0000401,
    "k1" : 3.8135448,
    "k2" : 0.4206374
}