{
    "MAF" : [
        0.03333, 
        0.020, 
        0.01389, 
        0.01,	
        0.00714, 
        0.00500, 
        0.00211, 
        0.0010, 
        0.00040
    ],

    "PGA" : [
        0.091,
        0.120,
        0.141,
        0.164,
        0.189,
        0.220,
        0.301,
        0.386,
        0.522
    ]
}