{
    "ZONE_1": {
        "Hist - Pre-1919": {
            "Avg": 1.3385228806771594,
            "5%:": 1.075915984749355,
            "95%:": 1.6372512271649826
        },
        "URM - 1919-1945": {
            "Avg": 1.0649907376079757,
            "5%:": 0.7827985847222415,
            "95%:": 1.4591896604539984
        },
        "URM - 1945-1960": {
            "Avg": 0.7007498416699685,
            "5%:": 0.47039059992269905,
            "95%:": 0.9291568941340955
        },
        "URM - Post-1960": {
            "Avg": 0.31329305741831764,
            "5%:": 0.158548558840789,
            "95%:": 0.5950177019917329
        },
        "RM": {
            "Avg": 0.33960982332301287,
            "5%:": 0.170104298249981,
            "95%:": 0.5413410062986309
        }
    },
    "ZONE_2": {
        "Hist - Pre-1919": {
            "Avg": 1.2001544196624458,
            "5%:": 0.8056236353709825,
            "95%:": 1.5669819405870775
        },
        "URM - 1919-1945": {
            "Avg": 0.8786697557564536,
            "5%:": 0.549215082075295,
            "95%:": 1.3234650968446604
        },
        "URM - 1945-1960": {
            "Avg": 0.5566959624092169,
            "5%:": 0.3281652850457875,
            "95%:": 0.8149404511128375
        },
        "URM - Post-1960": {
            "Avg": 0.22390543247443775,
            "5%:": 0.1052432430669595,
            "95%:": 0.4414743758254364
        },
        "RM": {
            "Avg": 0.22531850213755525,
            "5%:": 0.077201448009128,
            "95%:": 0.41324326451448645
        }
    },
    "ZONE_3": {
        "Hist - Pre-1919": {
            "Avg": 0.7248886970826514,
            "5%:": 0.22831657388005452,
            "95%:": 1.281900034708474
        },
        "URM - 1919-1945": {
            "Avg": 0.44717008002408104,
            "5%:": 0.1293718301006855,
            "95%:": 0.8845706423911568
        },
        "URM - 1945-1960": {
            "Avg": 0.2731755385728453,
            "5%:": 0.074380169857741,
            "95%:": 0.5426873348036675
        },
        "URM - Post-1960": {
            "Avg": 0.09100829088140854,
            "5%:": 0.0200293088093495,
            "95%:": 0.21543379755257341
        },
        "RM": {
            "Avg": 0.07862806672402924,
            "5%:": 0.008041952099528028,
            "95%:": 0.20946867029221747
        }
    },
    "ZONE_4": {
        "Hist - Pre-1919": {
            "Avg": 0.21355927532065144,
            "5%:": 0.082236605072063,
            "95%:": 0.4264581873775267
        },
        "URM - 1919-1945": {
            "Avg": 0.10055218631209424,
            "5%:": 0.0516947206262775,
            "95%:": 0.19367285794554748
        },
        "URM - 1945-1960": {
            "Avg": 0.06085247971671149,
            "5%:": 0.028104458708632,
            "95%:": 0.12764208794770188
        },
        "URM - Post-1960": {
            "Avg": 0.015256150591329445,
            "5%:": 0.006222301167126018,
            "95%:": 0.029616049837288994
        },
        "RM": {
            "Avg": 0.009620638180202383,
            "5%:": 0.0009079931713075318,
            "95%:": 0.02520740222593
        }
    }
}