{
    "ZONE_1": {
        "Hist - Pre-1919": {
            "Avg": 0.9545841514049562,
            "5%:": 0.7333491995655995,
            "95%:": 1.193371117729446
        },
        "URM - 1919-1945": {
            "Avg": 0.7123512420686235,
            "5%:": 0.5027264152078615,
            "95%:": 1.0327811234023865
        },
        "URM - 1945-1960": {
            "Avg": 0.4503679920648515,
            "5%:": 0.292621644245742,
            "95%:": 0.6328680581993824
        },
        "URM - Post-1960": {
            "Avg": 0.181952710435401,
            "5%:": 0.09282431167336451,
            "95%:": 0.35296730137035986
        },
        "RM": {
            "Avg": 0.1833157273530332,
            "5%:": 0.07740445209575951,
            "95%:": 0.3156215882244085
        }
    },
    "ZONE_2": {
        "Hist - Pre-1919": {
            "Avg": 0.7986403843467209,
            "5%:": 0.49292286402929997,
            "95%:": 1.0701707143642925
        },
        "URM - 1919-1945": {
            "Avg": 0.5439349706623309,
            "5%:": 0.3231470043188905,
            "95%:": 0.8635191036100042
        },
        "URM - 1945-1960": {
            "Avg": 0.3356379156807057,
            "5%:": 0.18899189435605,
            "95%:": 0.5231256233610925
        },
        "URM - Post-1960": {
            "Avg": 0.12257499213810573,
            "5%:": 0.05665384055255251,
            "95%:": 0.24331984503076048
        },
        "RM": {
            "Avg": 0.11421559325923193,
            "5%:": 0.031488420502023495,
            "95%:": 0.22884174612399852
        }
    },
    "ZONE_3": {
        "Hist - Pre-1919": {
            "Avg": 0.43338632294682106,
            "5%:": 0.1084432860195435,
            "95%:": 0.8259756735161683
        },
        "URM - 1919-1945": {
            "Avg": 0.24223576727096172,
            "5%:": 0.060501063254955995,
            "95%:": 0.5117433334207545
        },
        "URM - 1945-1960": {
            "Avg": 0.14745895380979232,
            "5%:": 0.034079667344543006,
            "95%:": 0.3166850039670375
        },
        "URM - Post-1960": {
            "Avg": 0.04506471182151872,
            "5%:": 0.008783962824700902,
            "95%:": 0.10896563464630796
        },
        "RM": {
            "Avg": 0.03600729027513039,
            "5%:": 0.0029842694950661564,
            "95%:": 0.10492433248243298
        }
    },
    "ZONE_4": {
        "Hist - Pre-1919": {
            "Avg": 0.11424170680628197,
            "5%:": 0.035369921314286,
            "95%:": 0.25795823440977345
        },
        "URM - 1919-1945": {
            "Avg": 0.04523767443179247,
            "5%:": 0.0222431266785325,
            "95%:": 0.08935298840399
        },
        "URM - 1945-1960": {
            "Avg": 0.027983409250595077,
            "5%:": 0.011969975243747,
            "95%:": 0.062798333987027
        },
        "URM - Post-1960": {
            "Avg": 0.006331986316499088,
            "5%:": 0.002212624818015984,
            "95%:": 0.012450350383170997
        },
        "RM": {
            "Avg": 0.0034460507176337493,
            "5%:": 0.00024127062789161189,
            "95%:": 0.0095950394452429
        }
    }
}