{
    "ZONE_1": {
        "Hist - Pre-1919": {
            "Avg": 1.3387993675358876,
            "5%:": 1.1161305711106195,
            "95%:": 1.6457126623461966
        },
        "URM - 1919-1945": {
            "Avg": 1.1235515855459317,
            "5%:": 0.8555709226196115,
            "95%:": 1.500311313212726
        },
        "URM - 1945-1960": {
            "Avg": 0.7633860515353809,
            "5%:": 0.5162115559946114,
            "95%:": 0.9713060206571641
        },
        "URM - Post-1960": {
            "Avg": 0.36447017712261165,
            "5%:": 0.18003712803600602,
            "95%:": 0.6762634589978074
        },
        "RM": {
            "Avg": 0.4129610579039723,
            "5%:": 0.22148932504826496,
            "95%:": 0.6384284497883583
        }
    },
    "ZONE_2": {
        "Hist - Pre-1919": {
            "Avg": 1.1650293425085274,
            "5%:": 0.8988435507811525,
            "95%:": 1.45523163009706
        },
        "URM - 1919-1945": {
            "Avg": 0.9191116284443758,
            "5%:": 0.6383537247712995,
            "95%:": 1.2764448380728508
        },
        "URM - 1945-1960": {
            "Avg": 0.5990453322319125,
            "5%:": 0.37710498331965253,
            "95%:": 0.81638418516567
        },
        "URM - Post-1960": {
            "Avg": 0.2618473550206239,
            "5%:": 0.12536609899534498,
            "95%:": 0.5095544514293939
        },
        "RM": {
            "Avg": 0.27962098600568985,
            "5%:": 0.1126633131979205,
            "95%:": 0.4824525690946488
        }
    },
    "ZONE_3": {
        "Hist - Pre-1919": {
            "Avg": 0.900675545174767,
            "5%:": 0.329500499504319,
            "95%:": 1.454015457144563
        },
        "URM - 1919-1945": {
            "Avg": 0.5861996073110276,
            "5%:": 0.1893094018352475,
            "95%:": 1.08292709694497
        },
        "URM - 1945-1960": {
            "Avg": 0.3604726138330525,
            "5%:": 0.10996414952377051,
            "95%:": 0.6676157078366507
        },
        "URM - Post-1960": {
            "Avg": 0.12680535893163788,
            "5%:": 0.030515002850073504,
            "95%:": 0.2922895027283141
        },
        "RM": {
            "Avg": 0.11479897367136116,
            "5%:": 0.013550478792255,
            "95%:": 0.2839210782387175
        }
    },
    "ZONE_4": {
        "Hist - Pre-1919": {
            "Avg": 0.2943150460436523,
            "5%:": 0.1252669348545285,
            "95%:": 0.5543987617112368
        },
        "URM - 1919-1945": {
            "Avg": 0.1501374620788054,
            "5%:": 0.0791160186524675,
            "95%:": 0.28319918620725254
        },
        "URM - 1945-1960": {
            "Avg": 0.09021452616788306,
            "5%:": 0.043149890341448,
            "95%:": 0.1814934060368389
        },
        "URM - Post-1960": {
            "Avg": 0.024001163955078408,
            "5%:": 0.0103286496857315,
            "95%:": 0.04664453932072549
        },
        "RM": {
            "Avg": 0.01628127095267045,
            "5%:": 0.0018327934657455136,
            "95%:": 0.0413364130271675
        }
    }
}