{
    "ZONE_1": {
        "Hist - Pre-1919": {
            "Avg": 1.005547430846609,
            "5%:": 0.8069763983458605,
            "95%:": 1.2596200374002993
        },
        "URM - 1919-1945": {
            "Avg": 0.7936041630398708,
            "5%:": 0.5776487709807789,
            "95%:": 1.122954648452509
        },
        "URM - 1945-1960": {
            "Avg": 0.5114207898587018,
            "5%:": 0.33437322518123397,
            "95%:": 0.6836967501496379
        },
        "URM - Post-1960": {
            "Avg": 0.21858653442672765,
            "5%:": 0.10762571034486951,
            "95%:": 0.42293279359059976
        },
        "RM": {
            "Avg": 0.22919687942615818,
            "5%:": 0.09926064811843552,
            "95%:": 0.3856418660311239
        }
    },
    "ZONE_2": {
        "Hist - Pre-1919": {
            "Avg": 0.8230507534180328,
            "5%:": 0.586450673925735,
            "95%:": 1.0562785468093825
        },
        "URM - 1919-1945": {
            "Avg": 0.6071869894210445,
            "5%:": 0.396358816289971,
            "95%:": 0.8998862984284425
        },
        "URM - 1945-1960": {
            "Avg": 0.38004606021985315,
            "5%:": 0.22807616241905249,
            "95%:": 0.5525691767560025
        },
        "URM - Post-1960": {
            "Avg": 0.14945448213427437,
            "5%:": 0.0703563958010975,
            "95%:": 0.2961484983583729
        },
        "RM": {
            "Avg": 0.14727762258853916,
            "5%:": 0.046802280385077,
            "95%:": 0.277473251995725
        }
    },
    "ZONE_3": {
        "Hist - Pre-1919": {
            "Avg": 0.5541741933521106,
            "5%:": 0.16423938884779501,
            "95%:": 0.948943479421758
        },
        "URM - 1919-1945": {
            "Avg": 0.32982162981572455,
            "5%:": 0.0920694068123375,
            "95%:": 0.6537397231436975
        },
        "URM - 1945-1960": {
            "Avg": 0.2008521330379193,
            "5%:": 0.05249661605814299,
            "95%:": 0.3981082996700765
        },
        "URM - Post-1960": {
            "Avg": 0.06458327080211901,
            "5%:": 0.013825809755187,
            "95%:": 0.15180615924595195
        },
        "RM": {
            "Avg": 0.0540535025879759,
            "5%:": 0.0051167365962463095,
            "95%:": 0.1488379207546275
        }
    },
    "ZONE_4": {
        "Hist - Pre-1919": {
            "Avg": 0.16118446625205937,
            "5%:": 0.0563345094561915,
            "95%:": 0.3403315994265669
        },
        "URM - 1919-1945": {
            "Avg": 0.07040430702907367,
            "5%:": 0.035524387936045,
            "95%:": 0.13698869258822002
        },
        "URM - 1945-1960": {
            "Avg": 0.042978755349239645,
            "5%:": 0.0191835665593105,
            "95%:": 0.09322810653883598
        },
        "URM - Post-1960": {
            "Avg": 0.010265253917222576,
            "5%:": 0.003918450580404848,
            "95%:": 0.019992367577063498
        },
        "RM": {
            "Avg": 0.006062819046617386,
            "5%:": 0.0004957340100122535,
            "95%:": 0.0163837367391075
        }
    }
}