{
    "ZONE_1": {
        "GLD - Pre-1970": {
            "Avg": 1.076475549709308,
            "5%:": 0.3057345262437195,
            "95%:": 1.7309738238322523
        },
        "GLD - 1970-2003": {
            "Avg": 0.8620862617241102,
            "5%:": 0.4184463107663185,
            "95%:": 1.2660615351085014
        },
        "ERD - Pre-1970": {
            "Avg": 0.713975370779194,
            "5%:": 0.362386621070823,
            "95%:": 1.02388394096458
        },
        "ERD - 1970-2003": {
            "Avg": 0.6077745230126497,
            "5%:": 0.243412035760302,
            "95%:": 1.0093665405366594
        },
        "ERD - Post-2003": {
            "Avg": 0.21575194523086472,
            "5%:": 0.102594284267861,
            "95%:": 0.3713832695680805
        }
    },
    "ZONE_2": {
        "GLD - Pre-1970": {
            "Avg": 0.826817614970848,
            "5%:": 0.22022032092668103,
            "95%:": 1.4709618618477505
        },
        "GLD - 1970-2003": {
            "Avg": 0.6402222548636838,
            "5%:": 0.265110212728617,
            "95%:": 1.0503231315843593
        },
        "ERD - Pre-1970": {
            "Avg": 0.514498119846,
            "5%:": 0.2281884467594065,
            "95%:": 0.8182385620915062
        },
        "ERD - 1970-2003": {
            "Avg": 0.4348087192297723,
            "5%:": 0.1392314031801425,
            "95%:": 0.7971274168849126
        },
        "ERD - Post-2003": {
            "Avg": 0.15123202044126446,
            "5%:": 0.065607610267275,
            "95%:": 0.268737204584534
        }
    },
    "ZONE_3": {
        "GLD - Pre-1970": {
            "Avg": 0.4158037782563224,
            "5%:": 0.0683755726699265,
            "95%:": 1.0068282775029112
        },
        "GLD - 1970-2003": {
            "Avg": 0.3106842314087119,
            "5%:": 0.056940234306277,
            "95%:": 0.6928165880488488
        },
        "ERD - Pre-1970": {
            "Avg": 0.23674717023774514,
            "5%:": 0.047982578840949995,
            "95%:": 0.5225557657289399
        },
        "ERD - 1970-2003": {
            "Avg": 0.19840824023913783,
            "5%:": 0.025700696722960003,
            "95%:": 0.49408368156206195
        },
        "ERD - Post-2003": {
            "Avg": 0.07045715977113598,
            "5%:": 0.014449784436606,
            "95%:": 0.14910423267044298
        }
    },
    "ZONE_4": {
        "GLD - Pre-1970": {
            "Avg": 0.07371405478781913,
            "5%:": 0.017148559990525003,
            "95%:": 0.15636269607096398
        },
        "GLD - 1970-2003": {
            "Avg": 0.05460156759393205,
            "5%:": 0.009563107682622123,
            "95%:": 0.11355471926406033
        },
        "ERD - Pre-1970": {
            "Avg": 0.0383163356267999,
            "5%:": 0.010222708877655001,
            "95%:": 0.07465228048110499
        },
        "ERD - 1970-2003": {
            "Avg": 0.03208891472322956,
            "5%:": 0.003823223339080068,
            "95%:": 0.078593542085552
        },
        "ERD - Post-2003": {
            "Avg": 0.012939631177061072,
            "5%:": 0.004627598705783645,
            "95%:": 0.030151799023683996
        }
    }
}