{
    "ZONE_1": {
        "GLD - Pre-1970": {
            "Avg": 0.4805319674317028,
            "5%:": 0.13815222664786503,
            "95%:": 0.8855223611088201
        },
        "GLD - 1970-2003": {
            "Avg": 0.36509709821903613,
            "5%:": 0.11522207879417799,
            "95%:": 0.6186085739873585
        },
        "ERD - Pre-1970": {
            "Avg": 0.2831445797243063,
            "5%:": 0.1200627399275315,
            "95%:": 0.4375012040475995
        },
        "ERD - 1970-2003": {
            "Avg": 0.2389862885346238,
            "5%:": 0.068470244542246,
            "95%:": 0.46267145819515954
        },
        "ERD - Post-2003": {
            "Avg": 0.08764523251744119,
            "5%:": 0.041923147446811,
            "95%:": 0.126582635424832
        }
    },
    "ZONE_2": {
        "GLD - Pre-1970": {
            "Avg": 0.2882178891001034,
            "5%:": 0.0721759314302485,
            "95%:": 0.6073164459885568
        },
        "GLD - 1970-2003": {
            "Avg": 0.21673110794476472,
            "5%:": 0.061907240410609,
            "95%:": 0.42763966171428447
        },
        "ERD - Pre-1970": {
            "Avg": 0.1640662042651499,
            "5%:": 0.056931485421613505,
            "95%:": 0.313053994350806
        },
        "ERD - 1970-2003": {
            "Avg": 0.13811040796279594,
            "5%:": 0.030263581870549,
            "95%:": 0.30483340182997704
        },
        "ERD - Post-2003": {
            "Avg": 0.05138664295200971,
            "5%:": 0.0195066661322085,
            "95%:": 0.0947209999348895
        }
    },
    "ZONE_3": {
        "GLD - Pre-1970": {
            "Avg": 0.0821601326620143,
            "5%:": 0.00831123280196929,
            "95%:": 0.23735399946489003
        },
        "GLD - 1970-2003": {
            "Avg": 0.06188502887623066,
            "5%:": 0.006453216351566231,
            "95%:": 0.168205872930919
        },
        "ERD - Pre-1970": {
            "Avg": 0.04499172386312162,
            "5%:": 0.0051145025899823,
            "95%:": 0.11987363345578599
        },
        "ERD - 1970-2003": {
            "Avg": 0.03803750488461258,
            "5%:": 0.002627519314554158,
            "95%:": 0.11301555156128598
        },
        "ERD - Post-2003": {
            "Avg": 0.01556119846304364,
            "5%:": 0.0015892364269085985,
            "95%:": 0.04135825672910449
        }
    },
    "ZONE_4": {
        "GLD - Pre-1970": {
            "Avg": 0.0071282948692582265,
            "5%:": 0.0015374955072632473,
            "95%:": 0.015350132835231
        },
        "GLD - 1970-2003": {
            "Avg": 0.00554030957466241,
            "5%:": 0.0006357054379261448,
            "95%:": 0.012785707149580999
        },
        "ERD - Pre-1970": {
            "Avg": 0.0035076156326240894,
            "5%:": 0.0006592996268437285,
            "95%:": 0.0075323621429321
        },
        "ERD - 1970-2003": {
            "Avg": 0.0030432269333360135,
            "5%:": 0.00020726514614174683,
            "95%:": 0.008537963573043593
        },
        "ERD - Post-2003": {
            "Avg": 0.0018496536344286567,
            "5%:": 0.0002988560754176193,
            "95%:": 0.005328998769984227
        }
    }
}