{
    "ZONE_1": {
        "GLD - Pre-1970": {
            "Avg": 1.0183707742273589,
            "5%:": 0.284515747242787,
            "95%:": 1.735274966505615
        },
        "GLD - 1970-2003": {
            "Avg": 0.7973659533539035,
            "5%:": 0.342202453678611,
            "95%:": 1.2142845654291845
        },
        "ERD - Pre-1970": {
            "Avg": 0.6479096600800421,
            "5%:": 0.31864960774935996,
            "95%:": 0.9541494953468341
        },
        "ERD - 1970-2003": {
            "Avg": 0.5494008461817919,
            "5%:": 0.200379679019723,
            "95%:": 0.943500863011815
        },
        "ERD - Post-2003": {
            "Avg": 0.19333523212373818,
            "5%:": 0.091205800093397,
            "95%:": 0.3156168367023985
        }
    },
    "ZONE_2": {
        "GLD - Pre-1970": {
            "Avg": 0.7183509529556447,
            "5%:": 0.18703496209450252,
            "95%:": 1.3201609655301514
        },
        "GLD - 1970-2003": {
            "Avg": 0.5493972350274909,
            "5%:": 0.21297447649318552,
            "95%:": 0.929039320118865
        },
        "ERD - Pre-1970": {
            "Avg": 0.4363139605146628,
            "5%:": 0.184474020946379,
            "95%:": 0.7155510598998225
        },
        "ERD - 1970-2003": {
            "Avg": 0.3676465364843303,
            "5%:": 0.10833178915338751,
            "95%:": 0.6960745799091025
        },
        "ERD - Post-2003": {
            "Avg": 0.12700021182266116,
            "5%:": 0.0539655171438835,
            "95%:": 0.2256015990874829
        }
    },
    "ZONE_3": {
        "GLD - Pre-1970": {
            "Avg": 0.32834721171502346,
            "5%:": 0.050842687517500006,
            "95%:": 0.8156347600593222
        },
        "GLD - 1970-2003": {
            "Avg": 0.24463055328006067,
            "5%:": 0.041719189560839504,
            "95%:": 0.560789039258018
        },
        "ERD - Pre-1970": {
            "Avg": 0.18482142637633595,
            "5%:": 0.035176796046720006,
            "95%:": 0.42027866291983496
        },
        "ERD - 1970-2003": {
            "Avg": 0.15479239924831306,
            "5%:": 0.018593600792623,
            "95%:": 0.39673477085578784
        },
        "ERD - Post-2003": {
            "Avg": 0.05540534760588651,
            "5%:": 0.01058904594205,
            "95%:": 0.11894507503389198
        }
    },
    "ZONE_4": {
        "GLD - Pre-1970": {
            "Avg": 0.05319238151104931,
            "5%:": 0.012362670732420502,
            "95%:": 0.11242376812750497
        },
        "GLD - 1970-2003": {
            "Avg": 0.039629957791182786,
            "5%:": 0.006499622153843886,
            "95%:": 0.08366467563946697
        },
        "ERD - Pre-1970": {
            "Avg": 0.027433613465510695,
            "5%:": 0.006943010848010361,
            "95%:": 0.053983268057605005
        },
        "ERD - 1970-2003": {
            "Avg": 0.023054056985329165,
            "5%:": 0.0025249445553111112,
            "95%:": 0.05738441643713499
        },
        "ERD - Post-2003": {
            "Avg": 0.00973767750587808,
            "5%:": 0.0032598642336595903,
            "95%:": 0.023690690754072
        }
    }
}