{
    "ZONE_1": {
        "Hist - Pre-1919": {
            "Avg": 0.9919347767262223,
            "5%:": 0.7673214028181395,
            "95%:": 1.227234585414484
        },
        "URM - 1919-1945": {
            "Avg": 0.7486730553249128,
            "5%:": 0.52816656758641,
            "95%:": 1.0614148573215612
        },
        "URM - 1945-1960": {
            "Avg": 0.4737149416224171,
            "5%:": 0.3077662064899695,
            "95%:": 0.652638595718781
        },
        "URM - Post-1960": {
            "Avg": 0.19253359383122026,
            "5%:": 0.09790298656968349,
            "95%:": 0.3780694552557609
        },
        "RM": {
            "Avg": 0.194663399938493,
            "5%:": 0.08074028805501149,
            "95%:": 0.33389107270067253
        }
    },
    "ZONE_2": {
        "Hist - Pre-1919": {
            "Avg": 0.7392480774177739,
            "5%:": 0.5024606506198576,
            "95%:": 0.9736166423527626
        },
        "URM - 1919-1945": {
            "Avg": 0.5287867238294514,
            "5%:": 0.3340150946699945,
            "95%:": 0.8093545737034815
        },
        "URM - 1945-1960": {
            "Avg": 0.3274779629804015,
            "5%:": 0.19159672469730502,
            "95%:": 0.4901366023522225
        },
        "URM - Post-1960": {
            "Avg": 0.1240119259893076,
            "5%:": 0.0575264413196775,
            "95%:": 0.2468541861452755
        },
        "RM": {
            "Avg": 0.11859103862824265,
            "5%:": 0.0337083374765025,
            "95%:": 0.23219911699395548
        }
    },
    "ZONE_3": {
        "Hist - Pre-1919": {
            "Avg": 0.4600914499564717,
            "5%:": 0.126159465601513,
            "95%:": 0.809493530019263
        },
        "URM - 1919-1945": {
            "Avg": 0.2645531700380418,
            "5%:": 0.07034798853316751,
            "95%:": 0.53771500945686
        },
        "URM - 1945-1960": {
            "Avg": 0.1608327258852222,
            "5%:": 0.039883662532075,
            "95%:": 0.3289151893467852
        },
        "URM - Post-1960": {
            "Avg": 0.050110302146704255,
            "5%:": 0.0103249835701615,
            "95%:": 0.11853561489897392
        },
        "RM": {
            "Avg": 0.040729566983174585,
            "5%:": 0.003656229712473134,
            "95%:": 0.11621216991594499
        }
    },
    "ZONE_4": {
        "Hist - Pre-1919": {
            "Avg": 0.12922463435766068,
            "5%:": 0.0417595250069475,
            "95%:": 0.2854429929194087
        },
        "URM - 1919-1945": {
            "Avg": 0.05304177651242715,
            "5%:": 0.026327334349809998,
            "95%:": 0.10423488918395
        },
        "URM - 1945-1960": {
            "Avg": 0.03264600499434288,
            "5%:": 0.014188859155636,
            "95%:": 0.0721862407656294
        },
        "URM - Post-1960": {
            "Avg": 0.007526039020436528,
            "5%:": 0.002710825115795064,
            "95%:": 0.014779301731866496
        },
        "RM": {
            "Avg": 0.004218350810738934,
            "5%:": 0.0003115511619526082,
            "95%:": 0.011627013503432499
        }
    }
}