{
    "ZONE_1": {
        "GLD - Pre-1970": {
            "Avg": 0.8601495700392308,
            "5%:": 0.247258287217832,
            "95%:": 1.5818657625676302
        },
        "GLD - 1970-2003": {
            "Avg": 0.6595392404199508,
            "5%:": 0.2419439803508085,
            "95%:": 1.0995322405497043
        },
        "ERD - Pre-1970": {
            "Avg": 0.522057807395457,
            "5%:": 0.236778901785566,
            "95%:": 0.8091488505482389
        },
        "ERD - 1970-2003": {
            "Avg": 0.4418043390286284,
            "5%:": 0.1429640051577265,
            "95%:": 0.8311970045804542
        },
        "ERD - Post-2003": {
            "Avg": 0.16053360470355416,
            "5%:": 0.0752802403516845,
            "95%:": 0.238783902546027
        }
    },
    "ZONE_2": {
        "GLD - Pre-1970": {
            "Avg": 0.5534856772051381,
            "5%:": 0.14259196932564702,
            "95%:": 1.1394258231809995
        },
        "GLD - 1970-2003": {
            "Avg": 0.4179183596587541,
            "5%:": 0.13306219239510553,
            "95%:": 0.7954874717617839
        },
        "ERD - Pre-1970": {
            "Avg": 0.32290108607366225,
            "5%:": 0.1204827973812745,
            "95%:": 0.5963181034984485
        },
        "ERD - 1970-2003": {
            "Avg": 0.27181503308492766,
            "5%:": 0.06662819382603351,
            "95%:": 0.5764428081100021
        },
        "ERD - Post-2003": {
            "Avg": 0.09816854787582263,
            "5%:": 0.0382013900251665,
            "95%:": 0.17477639232753292
        }
    },
    "ZONE_3": {
        "GLD - Pre-1970": {
            "Avg": 0.17911249647544822,
            "5%:": 0.0217634299880125,
            "95%:": 0.49496136877600005
        },
        "GLD - 1970-2003": {
            "Avg": 0.1340451919855199,
            "5%:": 0.017353887928413,
            "95%:": 0.34421848971234
        },
        "ERD - Pre-1970": {
            "Avg": 0.09924147322005446,
            "5%:": 0.014366485903038502,
            "95%:": 0.2527271858346043
        },
        "ERD - 1970-2003": {
            "Avg": 0.08344932798496617,
            "5%:": 0.007389950161522305,
            "95%:": 0.23635603939674227
        },
        "ERD - Post-2003": {
            "Avg": 0.03181339420675756,
            "5%:": 0.004294411347386093,
            "95%:": 0.07631373081833695
        }
    },
    "ZONE_4": {
        "GLD - Pre-1970": {
            "Avg": 0.02091899402642491,
            "5%:": 0.004855281386384734,
            "95%:": 0.0442873488935035
        },
        "GLD - 1970-2003": {
            "Avg": 0.015891372298785313,
            "5%:": 0.002182505256310696,
            "95%:": 0.034858820526241494
        },
        "ERD - Pre-1970": {
            "Avg": 0.010558966119987058,
            "5%:": 0.002333490134451672,
            "95%:": 0.02148170294679
        },
        "ERD - 1970-2003": {
            "Avg": 0.008988821683400894,
            "5%:": 0.0007786281343139235,
            "95%:": 0.023579245850150997
        },
        "ERD - Post-2003": {
            "Avg": 0.004435921164049079,
            "5%:": 0.0011232093656792204,
            "95%:": 0.011821975043151996
        }
    }
}