{
    "ZONE_1": {
        "GLD - Pre-1970": {
            "Avg": 1.2584752787648827,
            "5%:": 0.3813038313925515,
            "95%:": 1.9345178449967058
        },
        "GLD - 1970-2003": {
            "Avg": 1.0314841639215864,
            "5%:": 0.554549537216559,
            "95%:": 1.4642348270720835
        },
        "ERD - Pre-1970": {
            "Avg": 0.873981891970241,
            "5%:": 0.4754164693406225,
            "95%:": 1.2164564824989386
        },
        "ERD - 1970-2003": {
            "Avg": 0.7488558439140514,
            "5%:": 0.330373813102328,
            "95%:": 1.1893612627117478
        },
        "ERD - Post-2003": {
            "Avg": 0.2729026818214176,
            "5%:": 0.131075095176306,
            "95%:": 0.4794620529161255
        }
    },
    "ZONE_2": {
        "GLD - Pre-1970": {
            "Avg": 1.00436120073377,
            "5%:": 0.27959477775831004,
            "95%:": 1.706708656019116
        },
        "GLD - 1970-2003": {
            "Avg": 0.792068697304826,
            "5%:": 0.35687399089983857,
            "95%:": 1.251796711506898
        },
        "ERD - Pre-1970": {
            "Avg": 0.6479522222477201,
            "5%:": 0.3053082014541385,
            "95%:": 0.9944939023378334
        },
        "ERD - 1970-2003": {
            "Avg": 0.5503564630576155,
            "5%:": 0.194907445218305,
            "95%:": 0.9669576732153099
        },
        "ERD - Post-2003": {
            "Avg": 0.19484012310385718,
            "5%:": 0.0857636513027645,
            "95%:": 0.35197030794972645
        }
    },
    "ZONE_3": {
        "GLD - Pre-1970": {
            "Avg": 0.555500880477114,
            "5%:": 0.0992423812634475,
            "95%:": 1.2958338433987213
        },
        "GLD - 1970-2003": {
            "Avg": 0.41696028131072554,
            "5%:": 0.0841608415930135,
            "95%:": 0.8960805479420504
        },
        "ERD - Pre-1970": {
            "Avg": 0.3212870130635996,
            "5%:": 0.07109488676742,
            "95%:": 0.68243483087152
        },
        "ERD - 1970-2003": {
            "Avg": 0.26958519687819155,
            "5%:": 0.03891857320907,
            "95%:": 0.6474003461745769
        },
        "ERD - Post-2003": {
            "Avg": 0.09504561882847207,
            "5%:": 0.021467735252765997,
            "95%:": 0.19943558658851995
        }
    },
    "ZONE_4": {
        "GLD - Pre-1970": {
            "Avg": 0.11088564110499155,
            "5%:": 0.0255661408949385,
            "95%:": 0.23514295931787096
        },
        "GLD - 1970-2003": {
            "Avg": 0.08164237489976746,
            "5%:": 0.015638384421146505,
            "95%:": 0.1673232550798415
        },
        "ERD - Pre-1970": {
            "Avg": 0.05824345931619398,
            "5%:": 0.016363884806229998,
            "95%:": 0.11265589489981499
        },
        "ERD - 1970-2003": {
            "Avg": 0.04861254261799686,
            "5%:": 0.006441421431119429,
            "95%:": 0.116101590842516
        },
        "ERD - Post-2003": {
            "Avg": 0.018626894888885838,
            "5%:": 0.006984732159982248,
            "95%:": 0.041118465409056
        }
    }
}