{
    "ZONE_1": {
        "GLD - Pre-1970": {
            "Avg": 0.601322005705168,
            "5%:": 0.1662427478432395,
            "95%:": 1.0884391181526074
        },
        "GLD - 1970-2003": {
            "Avg": 0.45621995249242336,
            "5%:": 0.15348735300243851,
            "95%:": 0.7354777032519405
        },
        "ERD - Pre-1970": {
            "Avg": 0.3573943077764437,
            "5%:": 0.155878716319185,
            "95%:": 0.5475735410631061
        },
        "ERD - 1970-2003": {
            "Avg": 0.30097396986544506,
            "5%:": 0.088977142276442,
            "95%:": 0.5604147211840818
        },
        "ERD - Post-2003": {
            "Avg": 0.10634078702883544,
            "5%:": 0.0503212400851795,
            "95%:": 0.153458140227912
        }
    },
    "ZONE_2": {
        "GLD - Pre-1970": {
            "Avg": 0.38636801564618767,
            "5%:": 0.09883762447003351,
            "95%:": 0.784815037252134
        },
        "GLD - 1970-2003": {
            "Avg": 0.2894583937410132,
            "5%:": 0.08801977403098901,
            "95%:": 0.5429879920684405
        },
        "ERD - Pre-1970": {
            "Avg": 0.22137564626916884,
            "5%:": 0.080461994387694,
            "95%:": 0.4026475217813694
        },
        "ERD - 1970-2003": {
            "Avg": 0.18578377312990427,
            "5%:": 0.04290549648497,
            "95%:": 0.39543591218767754
        },
        "ERD - Post-2003": {
            "Avg": 0.0663057727026882,
            "5%:": 0.026426587801972996,
            "95%:": 0.1140393189430025
        }
    },
    "ZONE_3": {
        "GLD - Pre-1970": {
            "Avg": 0.12541554206329444,
            "5%:": 0.0141529709636125,
            "95%:": 0.35195494571548147
        },
        "GLD - 1970-2003": {
            "Avg": 0.09397086846113206,
            "5%:": 0.0111277875492455,
            "95%:": 0.24574608511124837
        },
        "ERD - Pre-1970": {
            "Avg": 0.06892302172564678,
            "5%:": 0.00908433656368267,
            "95%:": 0.17806820691083
        },
        "ERD - 1970-2003": {
            "Avg": 0.05804641241872693,
            "5%:": 0.004662131975987359,
            "95%:": 0.16741789443217073
        },
        "ERD - Post-2003": {
            "Avg": 0.022723042620488833,
            "5%:": 0.0027421092154849675,
            "95%:": 0.05668125594074999
        }
    },
    "ZONE_4": {
        "GLD - Pre-1970": {
            "Avg": 0.012894840316830013,
            "5%:": 0.0029088916014666823,
            "95%:": 0.0274288374180445
        },
        "GLD - 1970-2003": {
            "Avg": 0.00990015280084678,
            "5%:": 0.0012505777299289898,
            "95%:": 0.022189916261007487
        },
        "ERD - Pre-1970": {
            "Avg": 0.006435678779064016,
            "5%:": 0.0013080605551949497,
            "95%:": 0.013424147445675
        },
        "ERD - 1970-2003": {
            "Avg": 0.005523562786613343,
            "5%:": 0.0004277431689626627,
            "95%:": 0.01491975590947799
        },
        "ERD - Post-2003": {
            "Avg": 0.0029854987934094003,
            "5%:": 0.0006165030722335438,
            "95%:": 0.008295340375647355
        }
    }
}