{
    "ZONE_1": {
        "GLD - Pre-1970": {
            "Avg": 0.8012934565071633,
            "5%:": 0.21456148134650901,
            "95%:": 1.4197039225991102
        },
        "GLD - 1970-2003": {
            "Avg": 0.6143876099462536,
            "5%:": 0.23403485655498,
            "95%:": 0.9537892441763696
        },
        "ERD - Pre-1970": {
            "Avg": 0.4893559262240682,
            "5%:": 0.22512130535617603,
            "95%:": 0.738591017067287
        },
        "ERD - 1970-2003": {
            "Avg": 0.41261730201643254,
            "5%:": 0.1342647443805815,
            "95%:": 0.7360338428213066
        },
        "ERD - Post-2003": {
            "Avg": 0.1424991519182799,
            "5%:": 0.06692920801981549,
            "95%:": 0.2250702723383595
        }
    },
    "ZONE_2": {
        "GLD - Pre-1970": {
            "Avg": 0.5456622078017498,
            "5%:": 0.13747767576457348,
            "95%:": 1.0456376202933029
        },
        "GLD - 1970-2003": {
            "Avg": 0.41034873418603357,
            "5%:": 0.1435580644624775,
            "95%:": 0.7187468664318699
        },
        "ERD - Pre-1970": {
            "Avg": 0.3202936776125215,
            "5%:": 0.126667887755528,
            "95%:": 0.544429620085786
        },
        "ERD - 1970-2003": {
            "Avg": 0.2686364083688786,
            "5%:": 0.0698728695718375,
            "95%:": 0.5314466419969499
        },
        "ERD - Post-2003": {
            "Avg": 0.09173564871185841,
            "5%:": 0.03835557182747049,
            "95%:": 0.15869637676863
        }
    },
    "ZONE_3": {
        "GLD - Pre-1970": {
            "Avg": 0.22509745804526524,
            "5%:": 0.0316390508320825,
            "95%:": 0.583960034751419
        },
        "GLD - 1970-2003": {
            "Avg": 0.16729763147811944,
            "5%:": 0.025421466350278997,
            "95%:": 0.39942806664745345
        },
        "ERD - Pre-1970": {
            "Avg": 0.12478959610141606,
            "5%:": 0.021313055713944998,
            "95%:": 0.2956402438489
        },
        "ERD - 1970-2003": {
            "Avg": 0.10450414058815483,
            "5%:": 0.011076151699347,
            "95%:": 0.27949714300735284
        },
        "ERD - Post-2003": {
            "Avg": 0.03813934881790461,
            "5%:": 0.006377165904014729,
            "95%:": 0.08336879541576399
        }
    },
    "ZONE_4": {
        "GLD - Pre-1970": {
            "Avg": 0.03135004239038028,
            "5%:": 0.00733588653258572,
            "95%:": 0.06634141101017649
        },
        "GLD - 1970-2003": {
            "Avg": 0.02360740193309913,
            "5%:": 0.003494832903268446,
            "95%:": 0.050904822933914504
        },
        "ERD - Pre-1970": {
            "Avg": 0.015971911827522618,
            "5%:": 0.0037400508063713234,
            "95%:": 0.032030083530050005
        },
        "ERD - 1970-2003": {
            "Avg": 0.01351386689374449,
            "5%:": 0.0012916037545520635,
            "95%:": 0.034603700764518984
        },
        "ERD - Post-2003": {
            "Avg": 0.006210805815360216,
            "5%:": 0.001839018740746566,
            "95%:": 0.015983875450307994
        }
    }
}