{
    "ZONE_1": {
        "Hist - Pre-1919": {
            "Avg": 1.285400184297095,
            "5%:": 0.8299475523649804,
            "95%:": 1.695269128955427
        },
        "URM - 1919-1945": {
            "Avg": 0.877783210396298,
            "5%:": 0.5505546229135221,
            "95%:": 1.4161757793591219
        },
        "URM - 1945-1960": {
            "Avg": 0.5524583929300849,
            "5%:": 0.335177052865543,
            "95%:": 0.8554953533214286
        },
        "URM - Post-1960": {
            "Avg": 0.21214886929125015,
            "5%:": 0.11117120871020551,
            "95%:": 0.3893945993353825
        },
        "RM": {
            "Avg": 0.20613027369301395,
            "5%:": 0.091971366365898,
            "95%:": 0.37263216754830697
        }
    },
    "ZONE_2": {
        "Hist - Pre-1919": {
            "Avg": 0.9292312698909896,
            "5%:": 0.49185075669189154,
            "95%:": 1.4210559498987891
        },
        "URM - 1919-1945": {
            "Avg": 0.5948739830123488,
            "5%:": 0.31876724931143446,
            "95%:": 1.024154211217172
        },
        "URM - 1945-1960": {
            "Avg": 0.3677037472733686,
            "5%:": 0.189002270750414,
            "95%:": 0.6332419181832044
        },
        "URM - Post-1960": {
            "Avg": 0.1298689839546258,
            "5%:": 0.057594893029489,
            "95%:": 0.25749577474706736
        },
        "RM": {
            "Avg": 0.11799655441401312,
            "5%:": 0.032631368416132,
            "95%:": 0.24596472672091296
        }
    },
    "ZONE_3": {
        "Hist - Pre-1919": {
            "Avg": 0.4104834262274192,
            "5%:": 0.0916730914107425,
            "95%:": 0.845173482342023
        },
        "URM - 1919-1945": {
            "Avg": 0.22299155240812463,
            "5%:": 0.051096720009829996,
            "95%:": 0.4957502784284125
        },
        "URM - 1945-1960": {
            "Avg": 0.13628378810342423,
            "5%:": 0.028695979127151498,
            "95%:": 0.308851333338104
        },
        "URM - Post-1960": {
            "Avg": 0.04117287231977074,
            "5%:": 0.007326647400619201,
            "95%:": 0.10246718002180749
        },
        "RM": {
            "Avg": 0.03259019698733273,
            "5%:": 0.002369438189136746,
            "95%:": 0.09677857488500552
        }
    },
    "ZONE_4": {
        "Hist - Pre-1919": {
            "Avg": 0.09997623969739294,
            "5%:": 0.029426376833356003,
            "95%:": 0.23129032230760366
        },
        "URM - 1919-1945": {
            "Avg": 0.038041530727994224,
            "5%:": 0.0185715313894975,
            "95%:": 0.0758510793088375
        },
        "URM - 1945-1960": {
            "Avg": 0.023668902604662485,
            "5%:": 0.009950110948646953,
            "95%:": 0.05396265980254949
        },
        "URM - Post-1960": {
            "Avg": 0.005253674706497346,
            "5%:": 0.0017661434437731363,
            "95%:": 0.010411498005850997
        },
        "RM": {
            "Avg": 0.002768984882964507,
            "5%:": 0.00018209582343949198,
            "95%:": 0.007819171767538581
        }
    }
}