{
    "ZONE_1": {
        "GLD - Pre-1970": {
            "Avg": 0.7550743976747221,
            "5%:": 0.2033762642685465,
            "95%:": 1.3274169804732485
        },
        "GLD - 1970-2003": {
            "Avg": 0.5787661996931015,
            "5%:": 0.219020963407804,
            "95%:": 0.8921676370511696
        },
        "ERD - Pre-1970": {
            "Avg": 0.46108547783035275,
            "5%:": 0.2120242950040885,
            "95%:": 0.689202525084664
        },
        "ERD - 1970-2003": {
            "Avg": 0.3889561950192127,
            "5%:": 0.1263287792707835,
            "95%:": 0.6987510752641534
        },
        "ERD - Post-2003": {
            "Avg": 0.13507529121010803,
            "5%:": 0.064034081567428,
            "95%:": 0.211396363186839
        }
    },
    "ZONE_2": {
        "GLD - Pre-1970": {
            "Avg": 0.5381389322247329,
            "5%:": 0.138860940694969,
            "95%:": 1.051777086555185
        },
        "GLD - 1970-2003": {
            "Avg": 0.4042270028705902,
            "5%:": 0.134619538118288,
            "95%:": 0.7210384818913853
        },
        "ERD - Pre-1970": {
            "Avg": 0.31369670175870595,
            "5%:": 0.1213551602524705,
            "95%:": 0.5428449332701465
        },
        "ERD - 1970-2003": {
            "Avg": 0.26316892746554627,
            "5%:": 0.06612367440184,
            "95%:": 0.5338074004236625
        },
        "ERD - Post-2003": {
            "Avg": 0.09129628253121445,
            "5%:": 0.037431968959521,
            "95%:": 0.15363985428918348
        }
    },
    "ZONE_3": {
        "GLD - Pre-1970": {
            "Avg": 0.2005054437118447,
            "5%:": 0.026580539000108,
            "95%:": 0.5351417856636385
        },
        "GLD - 1970-2003": {
            "Avg": 0.14930443317615066,
            "5%:": 0.021202649753279998,
            "95%:": 0.3694137588266611
        },
        "ERD - Pre-1970": {
            "Avg": 0.11084349735804233,
            "5%:": 0.017716094856951005,
            "95%:": 0.27155020253651696
        },
        "ERD - 1970-2003": {
            "Avg": 0.09294212070988137,
            "5%:": 0.009147135553118342,
            "95%:": 0.25539407965137495
        },
        "ERD - Post-2003": {
            "Avg": 0.034517652077763784,
            "5%:": 0.005288518481241616,
            "95%:": 0.07913146474274699
        }
    },
    "ZONE_4": {
        "GLD - Pre-1970": {
            "Avg": 0.025827734536035964,
            "5%:": 0.0060476770615187,
            "95%:": 0.054605848199432996
        },
        "GLD - 1970-2003": {
            "Avg": 0.019530131045530797,
            "5%:": 0.002793224174724196,
            "95%:": 0.04243676157188148
        },
        "ERD - Pre-1970": {
            "Avg": 0.013100088148528807,
            "5%:": 0.0029831522931264122,
            "95%:": 0.026422717256185002
        },
        "ERD - 1970-2003": {
            "Avg": 0.01111556001323651,
            "5%:": 0.0010113006349295568,
            "95%:": 0.028789354931660995
        },
        "ERD - Post-2003": {
            "Avg": 0.005282374094597194,
            "5%:": 0.0014630260638124615,
            "95%:": 0.013824236515157993
        }
    }
}