{
    "ZONE_1": {
        "Hist - Pre-1919": {
            "Avg": 0.8912284655093141,
            "5%:": 0.6031053130735835,
            "95%:": 1.1292202635666595
        },
        "URM - 1919-1945": {
            "Avg": 0.6084005003278604,
            "5%:": 0.4018297555964925,
            "95%:": 0.9316160192284475
        },
        "URM - 1945-1960": {
            "Avg": 0.379119504303433,
            "5%:": 0.239753815096269,
            "95%:": 0.575923305059752
        },
        "URM - Post-1960": {
            "Avg": 0.14195353031541108,
            "5%:": 0.075165167569286,
            "95%:": 0.2699284359103374
        },
        "RM": {
            "Avg": 0.13528556252194526,
            "5%:": 0.055062122199389996,
            "95%:": 0.2442443798460365
        }
    },
    "ZONE_2": {
        "Hist - Pre-1919": {
            "Avg": 0.6670701485277708,
            "5%:": 0.36195082450121246,
            "95%:": 0.960206177965335
        },
        "URM - 1919-1945": {
            "Avg": 0.4188533294180066,
            "5%:": 0.23288872716370904,
            "95%:": 0.7066167892408848
        },
        "URM - 1945-1960": {
            "Avg": 0.257091740656417,
            "5%:": 0.136374603171595,
            "95%:": 0.4326908647179375
        },
        "URM - Post-1960": {
            "Avg": 0.08799978724518051,
            "5%:": 0.040052356776029,
            "95%:": 0.173157885871015
        },
        "RM": {
            "Avg": 0.07788790877933241,
            "5%:": 0.020285635870905,
            "95%:": 0.16352625367386842
        }
    },
    "ZONE_3": {
        "Hist - Pre-1919": {
            "Avg": 0.3150379944207202,
            "5%:": 0.0631874971658445,
            "95%:": 0.6711564403882477
        },
        "URM - 1919-1945": {
            "Avg": 0.16264527298590015,
            "5%:": 0.0351761563924725,
            "95%:": 0.36891956811124
        },
        "URM - 1945-1960": {
            "Avg": 0.09963639887934107,
            "5%:": 0.019611161573533497,
            "95%:": 0.23171811910589496
        },
        "URM - Post-1960": {
            "Avg": 0.029102294749387046,
            "5%:": 0.004908877620897355,
            "95%:": 0.07239174103432146
        },
        "RM": {
            "Avg": 0.02232149819385744,
            "5%:": 0.0014438136174466508,
            "95%:": 0.06763918953495
        }
    },
    "ZONE_4": {
        "Hist - Pre-1919": {
            "Avg": 0.07376620905101317,
            "5%:": 0.019289719388531,
            "95%:": 0.18030739741652593
        },
        "URM - 1919-1945": {
            "Avg": 0.02553312224208848,
            "5%:": 0.0121839966433675,
            "95%:": 0.0518152949731875
        },
        "URM - 1945-1960": {
            "Avg": 0.01611736105237169,
            "5%:": 0.00651444526010262,
            "95%:": 0.03793219690571046
        },
        "URM - Post-1960": {
            "Avg": 0.003437375630628525,
            "5%:": 0.0010572875847453507,
            "95%:": 0.006979253891251323
        },
        "RM": {
            "Avg": 0.0016833217994440884,
            "5%:": 9.662014458052685e-05,
            "95%:": 0.00484711423509786
        }
    }
}