{
    "ZONE_1": {
        "Hist - Pre-1919": {
            "Avg": 1.3770893619001883,
            "5%:": 1.113694466136772,
            "95%:": 1.69267996188035
        },
        "URM - 1919-1945": {
            "Avg": 1.1084863689319742,
            "5%:": 0.8145818132428053,
            "95%:": 1.4835848777848673
        },
        "URM - 1945-1960": {
            "Avg": 0.7324314760078139,
            "5%:": 0.49249079532061757,
            "95%:": 0.9502062257606093
        },
        "URM - Post-1960": {
            "Avg": 0.3305959365439187,
            "5%:": 0.167303874711435,
            "95%:": 0.6321899188085811
        },
        "RM": {
            "Avg": 0.3607636949916784,
            "5%:": 0.18088100105678803,
            "95%:": 0.5680293467021115
        }
    },
    "ZONE_2": {
        "Hist - Pre-1919": {
            "Avg": 1.0729228348205475,
            "5%:": 0.7955121062742225,
            "95%:": 1.3670615908624975
        },
        "URM - 1919-1945": {
            "Avg": 0.8234970095869363,
            "5%:": 0.5532984154436495,
            "95%:": 1.1772180591845416
        },
        "URM - 1945-1960": {
            "Avg": 0.5284414479390291,
            "5%:": 0.324826666892125,
            "95%:": 0.74413316617558
        },
        "URM - Post-1960": {
            "Avg": 0.22221289124175903,
            "5%:": 0.1049755206684535,
            "95%:": 0.4359309185546829
        },
        "RM": {
            "Avg": 0.23077170059511237,
            "5%:": 0.08431529759638,
            "95%:": 0.4139999754484658
        }
    },
    "ZONE_3": {
        "Hist - Pre-1919": {
            "Avg": 0.759981119667812,
            "5%:": 0.26057794435287845,
            "95%:": 1.250413458031583
        },
        "URM - 1919-1945": {
            "Avg": 0.48033508416335674,
            "5%:": 0.14828718752543998,
            "95%:": 0.9107951974573151
        },
        "URM - 1945-1960": {
            "Avg": 0.2940220476699171,
            "5%:": 0.08555149615405,
            "95%:": 0.5554590202044755
        },
        "URM - Post-1960": {
            "Avg": 0.10018894031740837,
            "5%:": 0.0232994488150335,
            "95%:": 0.23260208827156284
        },
        "RM": {
            "Avg": 0.08827777554652697,
            "5%:": 0.009698923912153273,
            "95%:": 0.2275820054429875
        }
    },
    "ZONE_4": {
        "Hist - Pre-1919": {
            "Avg": 0.2396011348692779,
            "5%:": 0.09580817757836399,
            "95%:": 0.46807246670125685
        },
        "URM - 1919-1945": {
            "Avg": 0.11617940653637714,
            "5%:": 0.0602065686808925,
            "95%:": 0.221832781945405
        },
        "URM - 1945-1960": {
            "Avg": 0.07010479427744971,
            "5%:": 0.0327288189334015,
            "95%:": 0.14505535268972494
        },
        "URM - Post-1960": {
            "Avg": 0.017945616190761217,
            "5%:": 0.007489653609336414,
            "95%:": 0.03487834423814799
        },
        "RM": {
            "Avg": 0.011619320967464581,
            "5%:": 0.0011672710889571757,
            "95%:": 0.030100279818417505
        }
    }
}