{
    "ZONE_1": {
        "GLD - Pre-1970": {
            "Avg": 0.8045355888902791,
            "5%:": 0.22647028161830052,
            "95%:": 1.4292009596788897
        },
        "GLD - 1970-2003": {
            "Avg": 0.616940233809273,
            "5%:": 0.2294019816723275,
            "95%:": 0.9732714769013528
        },
        "ERD - Pre-1970": {
            "Avg": 0.49004027604040434,
            "5%:": 0.22532604248532398,
            "95%:": 0.7394744247436781
        },
        "ERD - 1970-2003": {
            "Avg": 0.414062213141669,
            "5%:": 0.133997624738486,
            "95%:": 0.7503386629493889
        },
        "ERD - Post-2003": {
            "Avg": 0.14710688498395197,
            "5%:": 0.0694606973521755,
            "95%:": 0.22304249839539847
        }
    },
    "ZONE_2": {
        "GLD - Pre-1970": {
            "Avg": 0.5395717622487342,
            "5%:": 0.14135372414056652,
            "95%:": 1.0709991617248378
        },
        "GLD - 1970-2003": {
            "Avg": 0.40679261954417567,
            "5%:": 0.1333233541293085,
            "95%:": 0.7435884640494362
        },
        "ERD - Pre-1970": {
            "Avg": 0.31507586746650607,
            "5%:": 0.120600808805013,
            "95%:": 0.5583855772019934
        },
        "ERD - 1970-2003": {
            "Avg": 0.26486193202690583,
            "5%:": 0.0664182046223,
            "95%:": 0.5469508528554025
        },
        "ERD - Post-2003": {
            "Avg": 0.09391874009917466,
            "5%:": 0.037884100549975,
            "95%:": 0.15943607119401698
        }
    },
    "ZONE_3": {
        "GLD - Pre-1970": {
            "Avg": 0.18948874229089416,
            "5%:": 0.023612529062555503,
            "95%:": 0.5169499142109709
        },
        "GLD - 1970-2003": {
            "Avg": 0.14165151840671153,
            "5%:": 0.0188799640904005,
            "95%:": 0.3588745530495754
        },
        "ERD - Pre-1970": {
            "Avg": 0.10503079859946138,
            "5%:": 0.015644122625255,
            "95%:": 0.26364893773335
        },
        "ERD - 1970-2003": {
            "Avg": 0.08825370953474254,
            "5%:": 0.008069993918023446,
            "95%:": 0.24727349630479398
        },
        "ERD - Post-2003": {
            "Avg": 0.03337779403302488,
            "5%:": 0.004678805463357587,
            "95%:": 0.078934570846652
        }
    },
    "ZONE_4": {
        "GLD - Pre-1970": {
            "Avg": 0.022809432810096994,
            "5%:": 0.005328169739103617,
            "95%:": 0.048271207866814
        },
        "GLD - 1970-2003": {
            "Avg": 0.017294603506020967,
            "5%:": 0.0024109207547556516,
            "95%:": 0.03777693648309698
        },
        "ERD - Pre-1970": {
            "Avg": 0.011536164002908696,
            "5%:": 0.0025836656556555053,
            "95%:": 0.023366239843005
        },
        "ERD - 1970-2003": {
            "Avg": 0.009807277179760472,
            "5%:": 0.0008664885241213181,
            "95%:": 0.025571585287723984
        },
        "ERD - Post-2003": {
            "Avg": 0.0047647098106317004,
            "5%:": 0.00125301039965872,
            "95%:": 0.012597983472069994
        }
    }
}