{
    "ZONE_1": {
        "Hist - Pre-1919": {
            "Avg": 0.8196125898690052,
            "5%:": 0.4955574677881615,
            "95%:": 1.147014205252591
        },
        "URM - 1919-1945": {
            "Avg": 0.5197913563867569,
            "5%:": 0.32596483492754696,
            "95%:": 0.8618046003806539
        },
        "URM - 1945-1960": {
            "Avg": 0.3232939454328919,
            "5%:": 0.19559701319698847,
            "95%:": 0.530374819927028
        },
        "URM - Post-1960": {
            "Avg": 0.1153843137617643,
            "5%:": 0.062220888931926996,
            "95%:": 0.20976489112888536
        },
        "RM": {
            "Avg": 0.1059388278330233,
            "5%:": 0.0436775372878015,
            "95%:": 0.19504163107696249
        }
    },
    "ZONE_2": {
        "Hist - Pre-1919": {
            "Avg": 0.5685182836819968,
            "5%:": 0.27163453495116247,
            "95%:": 0.9321386997354129
        },
        "URM - 1919-1945": {
            "Avg": 0.3334639480338243,
            "5%:": 0.17348950192937748,
            "95%:": 0.5975772688246099
        },
        "URM - 1945-1960": {
            "Avg": 0.20502033589487495,
            "5%:": 0.1015578159259585,
            "95%:": 0.37248030408033045
        },
        "URM - Post-1960": {
            "Avg": 0.06718316011119023,
            "5%:": 0.029639750016261,
            "95%:": 0.13325862313602999
        },
        "RM": {
            "Avg": 0.057321989430953,
            "5%:": 0.014363998897998501,
            "95%:": 0.12511724786492248
        }
    },
    "ZONE_3": {
        "Hist - Pre-1919": {
            "Avg": 0.23285911437260012,
            "5%:": 0.039754465180453,
            "95%:": 0.5309139172841479
        },
        "URM - 1919-1945": {
            "Avg": 0.11244156425518836,
            "5%:": 0.022105814035905003,
            "95%:": 0.26687580346160455
        },
        "URM - 1945-1960": {
            "Avg": 0.06934490507722113,
            "5%:": 0.0121771315956985,
            "95%:": 0.16970876471197116
        },
        "URM - Post-1960": {
            "Avg": 0.01960980818676132,
            "5%:": 0.002981257271614752,
            "95%:": 0.04968207720402
        },
        "RM": {
            "Avg": 0.014596446408811919,
            "5%:": 0.0007742931204382523,
            "95%:": 0.0455108609522705
        }
    },
    "ZONE_4": {
        "Hist - Pre-1919": {
            "Avg": 0.05094773697079971,
            "5%:": 0.0114188379062345,
            "95%:": 0.1321934266066954
        },
        "URM - 1919-1945": {
            "Avg": 0.01560965238927347,
            "5%:": 0.007222539374696921,
            "95%:": 0.03234592456677
        },
        "URM - 1945-1960": {
            "Avg": 0.010047131890319786,
            "5%:": 0.003862057755636512,
            "95%:": 0.0245629113575805
        },
        "URM - Post-1960": {
            "Avg": 0.0020571078862890385,
            "5%:": 0.0005660321158611437,
            "95%:": 0.004335582713046026
        },
        "RM": {
            "Avg": 0.0009212498005935288,
            "5%:": 4.49578899203803e-05,
            "95%:": 0.002704157737609866
        }
    }
}