{
    "ZONE_1": {
        "GLD - Pre-1970": {
            "Avg": 0.9657799238870622,
            "5%:": 0.2704755204182405,
            "95%:": 1.6404719008541675
        },
        "GLD - 1970-2003": {
            "Avg": 0.7543591608013207,
            "5%:": 0.320681531593152,
            "95%:": 1.126184921787269
        },
        "ERD - Pre-1970": {
            "Avg": 0.6121345749262647,
            "5%:": 0.299775193510545,
            "95%:": 0.8935328545365405
        },
        "ERD - 1970-2003": {
            "Avg": 0.519179251187853,
            "5%:": 0.187859799220134,
            "95%:": 0.8967064142368357
        },
        "ERD - Post-2003": {
            "Avg": 0.18349597908202622,
            "5%:": 0.087441637505603,
            "95%:": 0.29781013373807647
        }
    },
    "ZONE_2": {
        "GLD - Pre-1970": {
            "Avg": 0.7251527451312291,
            "5%:": 0.1923533154079805,
            "95%:": 1.3717189108594197
        },
        "GLD - 1970-2003": {
            "Avg": 0.5511992352081903,
            "5%:": 0.200673857449101,
            "95%:": 0.9545575640512317
        },
        "ERD - Pre-1970": {
            "Avg": 0.43416925500066345,
            "5%:": 0.17886411664121699,
            "95%:": 0.7273336157024799
        },
        "ERD - 1970-2003": {
            "Avg": 0.36553096558695375,
            "5%:": 0.10220225157815252,
            "95%:": 0.71355133242635
        },
        "ERD - Post-2003": {
            "Avg": 0.12746995437514325,
            "5%:": 0.05297603464858349,
            "95%:": 0.22064376234725447
        }
    },
    "ZONE_3": {
        "GLD - Pre-1970": {
            "Avg": 0.295692591078117,
            "5%:": 0.0430237459923465,
            "95%:": 0.763854266429977
        },
        "GLD - 1970-2003": {
            "Avg": 0.22035856782135574,
            "5%:": 0.03506015772696949,
            "95%:": 0.5256239542521016
        },
        "ERD - Pre-1970": {
            "Avg": 0.16563101290726695,
            "5%:": 0.029502371641894506,
            "95%:": 0.3907902103795414
        },
        "ERD - 1970-2003": {
            "Avg": 0.13879442490720634,
            "5%:": 0.0154743727066545,
            "95%:": 0.3673657245277184
        },
        "ERD - Post-2003": {
            "Avg": 0.05032276934815607,
            "5%:": 0.008833765261762747,
            "95%:": 0.11249539830049197
        }
    },
    "ZONE_4": {
        "GLD - Pre-1970": {
            "Avg": 0.04425610624221247,
            "5%:": 0.0103354494455275,
            "95%:": 0.09346204352713498
        },
        "GLD - 1970-2003": {
            "Avg": 0.0330899594934121,
            "5%:": 0.005229110580812875,
            "95%:": 0.07041249660359698
        },
        "ERD - Pre-1970": {
            "Avg": 0.022726956718480545,
            "5%:": 0.0056066478198383346,
            "95%:": 0.045000782400259995
        },
        "ERD - 1970-2003": {
            "Avg": 0.019140918349920787,
            "5%:": 0.0019932664952934114,
            "95%:": 0.04824129133941494
        },
        "ERD - Post-2003": {
            "Avg": 0.00831557141399585,
            "5%:": 0.0026778844185585764,
            "95%:": 0.02066067737453399
        }
    }
}