{
    "ZONE_1": {
        "Hist - Pre-1919": {
            "Avg": 1.3357929385915226,
            "5%:": 0.9624858704267726,
            "95%:": 1.6591326864483107
        },
        "URM - 1919-1945": {
            "Avg": 0.9762032605301769,
            "5%:": 0.658459311799328,
            "95%:": 1.42259473818465
        },
        "URM - 1945-1960": {
            "Avg": 0.6232629144431814,
            "5%:": 0.40182262974992644,
            "95%:": 0.8879283406764145
        },
        "URM - Post-1960": {
            "Avg": 0.25488720482759863,
            "5%:": 0.1324550593589615,
            "95%:": 0.4847739296755274
        },
        "RM": {
            "Avg": 0.2597745945208987,
            "5%:": 0.1198087971368355,
            "95%:": 0.4423072908656934
        }
    },
    "ZONE_2": {
        "Hist - Pre-1919": {
            "Avg": 1.0528791329370422,
            "5%:": 0.6242344151644075,
            "95%:": 1.4336878736625
        },
        "URM - 1919-1945": {
            "Avg": 0.7157284726077774,
            "5%:": 0.41489851579661446,
            "95%:": 1.1560792362453713
        },
        "URM - 1945-1960": {
            "Avg": 0.4459719299405859,
            "5%:": 0.2457619993616,
            "95%:": 0.7061710321484225
        },
        "URM - Post-1960": {
            "Avg": 0.16649459987437878,
            "5%:": 0.076683338309015,
            "95%:": 0.32889849113878045
        },
        "RM": {
            "Avg": 0.15835982868922846,
            "5%:": 0.048219825856738,
            "95%:": 0.31048035447924444
        }
    },
    "ZONE_3": {
        "Hist - Pre-1919": {
            "Avg": 0.5432673104428962,
            "5%:": 0.1400953664965375,
            "95%:": 1.053318283622738
        },
        "URM - 1919-1945": {
            "Avg": 0.312853878989817,
            "5%:": 0.07856562527506,
            "95%:": 0.6587613794139875
        },
        "URM - 1945-1960": {
            "Avg": 0.1908748955134921,
            "5%:": 0.044580551329253,
            "95%:": 0.41147966610207437
        },
        "URM - Post-1960": {
            "Avg": 0.06012034159043391,
            "5%:": 0.011594252726230003,
            "95%:": 0.146604969453415
        },
        "RM": {
            "Avg": 0.04942709631637307,
            "5%:": 0.004157360880226193,
            "95%:": 0.14102947831343252
        }
    },
    "ZONE_4": {
        "Hist - Pre-1919": {
            "Avg": 0.1417005939823075,
            "5%:": 0.04735783689454,
            "95%:": 0.3074729650283834
        },
        "URM - 1919-1945": {
            "Avg": 0.05971132524263759,
            "5%:": 0.029851925686745003,
            "95%:": 0.11675109866977501
        },
        "URM - 1945-1960": {
            "Avg": 0.03662061439735997,
            "5%:": 0.016100058186846,
            "95%:": 0.08017615543873696
        },
        "URM - Post-1960": {
            "Avg": 0.008565355977934631,
            "5%:": 0.0031631257943039687,
            "95%:": 0.016784840902619495
        },
        "RM": {
            "Avg": 0.004907235265796556,
            "5%:": 0.00037822600893459824,
            "95%:": 0.013410527589415001
        }
    }
}