{
    "ZONE_1": {
        "Hist - Pre-1919": {
            "Avg": 1.183681055224972,
            "5%:": 0.9725203549862775,
            "95%:": 1.470552936442362
        },
        "URM - 1919-1945": {
            "Avg": 0.9670444970440402,
            "5%:": 0.7213298349382765,
            "95%:": 1.3261755691058579
        },
        "URM - 1945-1960": {
            "Avg": 0.6406749720365913,
            "5%:": 0.42649543005131546,
            "95%:": 0.8316717869688803
        },
        "URM - Post-1960": {
            "Avg": 0.29083005804369355,
            "5%:": 0.14323039076783198,
            "95%:": 0.551532720231559
        },
        "RM": {
            "Avg": 0.3185344334423163,
            "5%:": 0.155949450038874,
            "95%:": 0.5116660525899945
        }
    },
    "ZONE_2": {
        "Hist - Pre-1919": {
            "Avg": 1.0011423280823657,
            "5%:": 0.746427622339595,
            "95%:": 1.264495992736025
        },
        "URM - 1919-1945": {
            "Avg": 0.7669265036568972,
            "5%:": 0.5180000504421199,
            "95%:": 1.0949403342610655
        },
        "URM - 1945-1960": {
            "Avg": 0.49011133051496447,
            "5%:": 0.30201776492661503,
            "95%:": 0.6871105237129449
        },
        "URM - Post-1960": {
            "Avg": 0.20418070641564182,
            "5%:": 0.0969457944442755,
            "95%:": 0.40149504368873834
        },
        "RM": {
            "Avg": 0.21048674214233895,
            "5%:": 0.0763100825071345,
            "95%:": 0.3779612782508644
        }
    },
    "ZONE_3": {
        "Hist - Pre-1919": {
            "Avg": 0.7252533529532416,
            "5%:": 0.24175238654349598,
            "95%:": 1.200695605808053
        },
        "URM - 1919-1945": {
            "Avg": 0.4538676204185063,
            "5%:": 0.13730764741067,
            "95%:": 0.8682733921361026
        },
        "URM - 1945-1960": {
            "Avg": 0.27755048059697085,
            "5%:": 0.07906294484612,
            "95%:": 0.529333943953192
        },
        "URM - Post-1960": {
            "Avg": 0.09367606714277378,
            "5%:": 0.021387731205663504,
            "95%:": 0.21787272865205226
        },
        "RM": {
            "Avg": 0.08185851475970582,
            "5%:": 0.008705091464428523,
            "95%:": 0.21329433827320998
        }
    },
    "ZONE_4": {
        "Hist - Pre-1919": {
            "Avg": 0.22460442925245425,
            "5%:": 0.087872526240221,
            "95%:": 0.44422725435608135
        },
        "URM - 1919-1945": {
            "Avg": 0.10713373698633735,
            "5%:": 0.055306036085987505,
            "95%:": 0.20569042254062003
        },
        "URM - 1945-1960": {
            "Avg": 0.06474953389995898,
            "5%:": 0.030033673977342,
            "95%:": 0.13514810144497238
        },
        "URM - Post-1960": {
            "Avg": 0.01638088020823443,
            "5%:": 0.006755999025887649,
            "95%:": 0.0318395833786145
        },
        "RM": {
            "Avg": 0.010450396471370537,
            "5%:": 0.0010133345596492825,
            "95%:": 0.027245692302479994
        }
    }
}