{
    "ZONE_1": {
        "Hist - Pre-1919": {
            "Avg": 1.051567410515083,
            "5%:": 0.6603848696981476,
            "95%:": 1.4292086086780464
        },
        "URM - 1919-1945": {
            "Avg": 0.6949390213350296,
            "5%:": 0.43522704269613555,
            "95%:": 1.1366981515792964
        },
        "URM - 1945-1960": {
            "Avg": 0.43461735723812206,
            "5%:": 0.26291002759403453,
            "95%:": 0.6912339871186579
        },
        "URM - Post-1960": {
            "Avg": 0.1612864425569418,
            "5%:": 0.085746750587376,
            "95%:": 0.29499879980919946
        },
        "RM": {
            "Avg": 0.15271495320807074,
            "5%:": 0.065870777163188,
            "95%:": 0.278737168439625
        }
    },
    "ZONE_2": {
        "Hist - Pre-1919": {
            "Avg": 0.7459156044992412,
            "5%:": 0.3773246629466165,
            "95%:": 1.1748621151915775
        },
        "URM - 1919-1945": {
            "Avg": 0.45942201543968675,
            "5%:": 0.2426392278502425,
            "95%:": 0.8063812451896116
        },
        "URM - 1945-1960": {
            "Avg": 0.28299317022740617,
            "5%:": 0.14303595413053702,
            "95%:": 0.49890808817685944
        },
        "URM - Post-1960": {
            "Avg": 0.09648161564522384,
            "5%:": 0.042616445597257,
            "95%:": 0.19141429271223798
        },
        "RM": {
            "Avg": 0.08514288661132699,
            "5%:": 0.022420505065155,
            "95%:": 0.1813018715133524
        }
    },
    "ZONE_3": {
        "Hist - Pre-1919": {
            "Avg": 0.31811176160774385,
            "5%:": 0.062994111013351,
            "95%:": 0.6859246694508129
        },
        "URM - 1919-1945": {
            "Avg": 0.16404180805394114,
            "5%:": 0.035098847617526005,
            "95%:": 0.37646295780737055
        },
        "URM - 1945-1960": {
            "Avg": 0.1005755868143391,
            "5%:": 0.019566088574286503,
            "95%:": 0.23648247419531487
        },
        "URM - Post-1960": {
            "Avg": 0.029419455283388615,
            "5%:": 0.00489987575432701,
            "95%:": 0.07381184831751
        },
        "RM": {
            "Avg": 0.022602263598548694,
            "5%:": 0.0014374220789072842,
            "95%:": 0.0687681236737985
        }
    },
    "ZONE_4": {
        "Hist - Pre-1919": {
            "Avg": 0.07376620907675052,
            "5%:": 0.0192897192878555,
            "95%:": 0.18030740428529346
        },
        "URM - 1919-1945": {
            "Avg": 0.02553312225140039,
            "5%:": 0.012183996658242501,
            "95%:": 0.051815294812629996
        },
        "URM - 1945-1960": {
            "Avg": 0.0161173610588706,
            "5%:": 0.0065144452174233855,
            "95%:": 0.037932197136623456
        },
        "URM - Post-1960": {
            "Avg": 0.0034373756318867694,
            "5%:": 0.0010572875339787677,
            "95%:": 0.006979253897199324
        },
        "RM": {
            "Avg": 0.0016833218001503453,
            "5%:": 9.662015623033946e-05,
            "95%:": 0.00484711428557023
        }
    }
}