{
    "ZONE_1": {
        "Hist - Pre-1919": {
            "Avg": 1.1939868846206496,
            "5%:": 0.950484947064935,
            "95%:": 1.46532374593497
        },
        "URM - 1919-1945": {
            "Avg": 0.9343231289756692,
            "5%:": 0.6743526124404661,
            "95%:": 1.2816331373734764
        },
        "URM - 1945-1960": {
            "Avg": 0.604556242324232,
            "5%:": 0.40014076228697404,
            "95%:": 0.8053330163298524
        },
        "URM - Post-1960": {
            "Avg": 0.26015999248628624,
            "5%:": 0.13151004827266552,
            "95%:": 0.5045281152862353
        },
        "RM": {
            "Avg": 0.2745617914851656,
            "5%:": 0.126597262917641,
            "95%:": 0.4496144124306165
        }
    },
    "ZONE_2": {
        "Hist - Pre-1919": {
            "Avg": 0.9113558332154487,
            "5%:": 0.65049697274876,
            "95%:": 1.17646236495903
        },
        "URM - 1919-1945": {
            "Avg": 0.6782122824638788,
            "5%:": 0.44329389014074494,
            "95%:": 0.9983550170283533
        },
        "URM - 1945-1960": {
            "Avg": 0.42766406231487125,
            "5%:": 0.256993544830325,
            "95%:": 0.6188243486297275
        },
        "URM - Post-1960": {
            "Avg": 0.17148215156158206,
            "5%:": 0.080338391053364,
            "95%:": 0.33937362916249797
        },
        "RM": {
            "Avg": 0.17174658354365363,
            "5%:": 0.056269720011226,
            "95%:": 0.32024255224421194
        }
    },
    "ZONE_3": {
        "Hist - Pre-1919": {
            "Avg": 0.6073608269434057,
            "5%:": 0.18872916129595252,
            "95%:": 1.0277253384532554
        },
        "URM - 1919-1945": {
            "Avg": 0.36828654252778875,
            "5%:": 0.10637746664907499,
            "95%:": 0.720483403330665
        },
        "URM - 1945-1960": {
            "Avg": 0.2244829520641976,
            "5%:": 0.060842368141646,
            "95%:": 0.4386225113876474
        },
        "URM - Post-1960": {
            "Avg": 0.07339523328819864,
            "5%:": 0.016192297047235,
            "95%:": 0.17223595849802895
        },
        "RM": {
            "Avg": 0.062355901295446395,
            "5%:": 0.0062202818881022925,
            "95%:": 0.16871713115087
        }
    },
    "ZONE_4": {
        "Hist - Pre-1919": {
            "Avg": 0.1815359687059047,
            "5%:": 0.06616150299695249,
            "95%:": 0.37365010358010087
        },
        "URM - 1919-1945": {
            "Avg": 0.08189466317909457,
            "5%:": 0.0416762792851,
            "95%:": 0.15904422436405502
        },
        "URM - 1945-1960": {
            "Avg": 0.049797525977580546,
            "5%:": 0.022630157163987502,
            "95%:": 0.1067662696493619
        },
        "URM - Post-1960": {
            "Avg": 0.012134670307512101,
            "5%:": 0.0047658907323769855,
            "95%:": 0.023544052243405996
        },
        "RM": {
            "Avg": 0.0073693344856040005,
            "5%:": 0.0006394474297384699,
            "95%:": 0.0196696444909625
        }
    }
}