{
    "ZONE_1": {
        "GLD - Pre-1970": {
            "Avg": 1.2216313552562945,
            "5%:": 0.3580000324273495,
            "95%:": 1.9909805355587489
        },
        "GLD - 1970-2003": {
            "Avg": 0.9751970829506372,
            "5%:": 0.46151560298207056,
            "95%:": 1.4548901751658063
        },
        "ERD - Pre-1970": {
            "Avg": 0.8071482152142175,
            "5%:": 0.42093303766213747,
            "95%:": 1.163465958662609
        },
        "ERD - 1970-2003": {
            "Avg": 0.6881539239006746,
            "5%:": 0.275276474333768,
            "95%:": 1.1395039349423008
        },
        "ERD - Post-2003": {
            "Avg": 0.24712850973467393,
            "5%:": 0.1174894219565755,
            "95%:": 0.41224271382529043
        }
    },
    "ZONE_2": {
        "GLD - Pre-1970": {
            "Avg": 0.8872376727251585,
            "5%:": 0.2392592457531335,
            "95%:": 1.5689881968971933
        },
        "GLD - 1970-2003": {
            "Avg": 0.6896965088053878,
            "5%:": 0.2909597084696875,
            "95%:": 1.1299983217564626
        },
        "ERD - Pre-1970": {
            "Avg": 0.5566030323209553,
            "5%:": 0.249300918531197,
            "95%:": 0.8840205929101027
        },
        "ERD - 1970-2003": {
            "Avg": 0.471116747419717,
            "5%:": 0.153560324401505,
            "95%:": 0.8578330097526076
        },
        "ERD - Post-2003": {
            "Avg": 0.16506321013159087,
            "5%:": 0.07104735132286301,
            "95%:": 0.29884677535652693
        }
    },
    "ZONE_3": {
        "GLD - Pre-1970": {
            "Avg": 0.4440164201237778,
            "5%:": 0.074696881718184,
            "95%:": 1.0661787555061037
        },
        "GLD - 1970-2003": {
            "Avg": 0.3319968921261493,
            "5%:": 0.0625078022104585,
            "95%:": 0.7343265732021039
        },
        "ERD - Pre-1970": {
            "Avg": 0.2536102358646828,
            "5%:": 0.052776173760764995,
            "95%:": 0.55586274075478
        },
        "ERD - 1970-2003": {
            "Avg": 0.2125671632840772,
            "5%:": 0.028417388994704,
            "95%:": 0.525343103418659
        },
        "ERD - Post-2003": {
            "Avg": 0.07526322313429194,
            "5%:": 0.015925263345962,
            "95%:": 0.159320796602756
        }
    },
    "ZONE_4": {
        "GLD - Pre-1970": {
            "Avg": 0.08132476296642958,
            "5%:": 0.018905500175070998,
            "95%:": 0.17259115055325244
        },
        "GLD - 1970-2003": {
            "Avg": 0.06014333659838063,
            "5%:": 0.010750235092853,
            "95%:": 0.12453001548146994
        },
        "ERD - Pre-1970": {
            "Avg": 0.042375360151263676,
            "5%:": 0.01144836248011,
            "95%:": 0.08240216958429
        },
        "ERD - 1970-2003": {
            "Avg": 0.03545592351676197,
            "5%:": 0.004323109883182558,
            "95%:": 0.08633179506213792
        },
        "ERD - Post-2003": {
            "Avg": 0.014112374699811359,
            "5%:": 0.005146471492294801,
            "95%:": 0.03247933243796799
        }
    }
}