{
    "ZONE_1": {
        "GLD - Pre-1970": {
            "Avg": 0.8730145106235679,
            "5%:": 0.232714213228266,
            "95%:": 1.4787581273168904
        },
        "GLD - 1970-2003": {
            "Avg": 0.6810264674290822,
            "5%:": 0.291585879347857,
            "95%:": 1.03921157772403
        },
        "ERD - Pre-1970": {
            "Avg": 0.5499936556128895,
            "5%:": 0.259002699027784,
            "95%:": 0.8131996856631034
        },
        "ERD - 1970-2003": {
            "Avg": 0.46513512604322726,
            "5%:": 0.164778416530248,
            "95%:": 0.809410160717294
        },
        "ERD - Post-2003": {
            "Avg": 0.1611312155725529,
            "5%:": 0.075802037784595,
            "95%:": 0.26964582870831805
        }
    },
    "ZONE_2": {
        "GLD - Pre-1970": {
            "Avg": 0.6407269846829582,
            "5%:": 0.163966255290313,
            "95%:": 1.1935919917107332
        },
        "GLD - 1970-2003": {
            "Avg": 0.4864991412166608,
            "5%:": 0.18172755343625951,
            "95%:": 0.8284506531914873
        },
        "ERD - Pre-1970": {
            "Avg": 0.3835204236824573,
            "5%:": 0.158938201573174,
            "95%:": 0.6343579929478158
        },
        "ERD - 1970-2003": {
            "Avg": 0.3224360918724645,
            "5%:": 0.09106520083036,
            "95%:": 0.6191035134034675
        },
        "ERD - Post-2003": {
            "Avg": 0.11041044854880402,
            "5%:": 0.0471381417689695,
            "95%:": 0.1916711868814985
        }
    },
    "ZONE_3": {
        "GLD - Pre-1970": {
            "Avg": 0.2891503178365439,
            "5%:": 0.0430078093479975,
            "95%:": 0.7292433113832932
        },
        "GLD - 1970-2003": {
            "Avg": 0.21528019971256895,
            "5%:": 0.0351826835208725,
            "95%:": 0.5002974579252859
        },
        "ERD - Pre-1970": {
            "Avg": 0.16193868020147223,
            "5%:": 0.029488158944230004,
            "95%:": 0.37334117727395
        },
        "ERD - 1970-2003": {
            "Avg": 0.13563238194589125,
            "5%:": 0.015482017384808002,
            "95%:": 0.35261131206782
        },
        "ERD - Post-2003": {
            "Avg": 0.04889500767194198,
            "5%:": 0.008830132622015494,
            "95%:": 0.105023049112267
        }
    },
    "ZONE_4": {
        "GLD - Pre-1970": {
            "Avg": 0.04425610625849692,
            "5%:": 0.0103354493718175,
            "95%:": 0.09346204231816299
        },
        "GLD - 1970-2003": {
            "Avg": 0.03308995950625647,
            "5%:": 0.005229110450107472,
            "95%:": 0.07041249681366649
        },
        "ERD - Pre-1970": {
            "Avg": 0.022726956725820282,
            "5%:": 0.005606647885006337,
            "95%:": 0.04500078149771
        },
        "ERD - 1970-2003": {
            "Avg": 0.01914091835640944,
            "5%:": 0.0019932664598894,
            "95%:": 0.04824129105128894
        },
        "ERD - Post-2003": {
            "Avg": 0.008315571418175155,
            "5%:": 0.0026778844135159547,
            "95%:": 0.020660677464789994
        }
    }
}