{
    "ZONE_1": {
        "GLD - Pre-1970": {
            "Avg": 0.6636782824010736,
            "5%:": 0.190384822022093,
            "95%:": 1.2232044944369314
        },
        "GLD - 1970-2003": {
            "Avg": 0.5064619832096675,
            "5%:": 0.1734761955316245,
            "95%:": 0.8504991782225574
        },
        "ERD - Pre-1970": {
            "Avg": 0.39709202070984057,
            "5%:": 0.17436418072819349,
            "95%:": 0.61502119958435
        },
        "ERD - 1970-2003": {
            "Avg": 0.3355321269480311,
            "5%:": 0.10277505120246798,
            "95%:": 0.6405584524027244
        },
        "ERD - Post-2003": {
            "Avg": 0.12215172046171784,
            "5%:": 0.05779997979731551,
            "95%:": 0.17298473921955002
        }
    },
    "ZONE_2": {
        "GLD - Pre-1970": {
            "Avg": 0.4136575923852836,
            "5%:": 0.10533437574551051,
            "95%:": 0.8614662229254437
        },
        "GLD - 1970-2003": {
            "Avg": 0.3115410628855227,
            "5%:": 0.09419914595178601,
            "95%:": 0.6035886696214349
        },
        "ERD - Pre-1970": {
            "Avg": 0.23840645155079554,
            "5%:": 0.0860007370350765,
            "95%:": 0.4473501761249698
        },
        "ERD - 1970-2003": {
            "Avg": 0.20061140706406178,
            "5%:": 0.046608253346414504,
            "95%:": 0.43419333948058497
        },
        "ERD - Post-2003": {
            "Avg": 0.07324927541468645,
            "5%:": 0.0282245166943695,
            "95%:": 0.13246364767296298
        }
    },
    "ZONE_3": {
        "GLD - Pre-1970": {
            "Avg": 0.12615756184997076,
            "5%:": 0.014103358132375,
            "95%:": 0.35689193652718254
        },
        "GLD - 1970-2003": {
            "Avg": 0.09463933757495652,
            "5%:": 0.0110971450423615,
            "95%:": 0.24967031836627177
        },
        "ERD - Pre-1970": {
            "Avg": 0.06943981695158132,
            "5%:": 0.009067910087262949,
            "95%:": 0.18105969525112342
        },
        "ERD - 1970-2003": {
            "Avg": 0.058517169180848205,
            "5%:": 0.0046400231395922,
            "95%:": 0.16975231885739048
        },
        "ERD - Post-2003": {
            "Avg": 0.022995244107941494,
            "5%:": 0.002736326967332879,
            "95%:": 0.05782272291229099
        }
    },
    "ZONE_4": {
        "GLD - Pre-1970": {
            "Avg": 0.012894840318315639,
            "5%:": 0.0029088916640347697,
            "95%:": 0.027428837484362
        },
        "GLD - 1970-2003": {
            "Avg": 0.009900152802661722,
            "5%:": 0.0012505777910626643,
            "95%:": 0.022189916036870483
        },
        "ERD - Pre-1970": {
            "Avg": 0.006435678780057796,
            "5%:": 0.0013080605475135208,
            "95%:": 0.013424147473115001
        },
        "ERD - 1970-2003": {
            "Avg": 0.005523562787705949,
            "5%:": 0.00042774313596926413,
            "95%:": 0.014919756018625987
        },
        "ERD - Post-2003": {
            "Avg": 0.0029854987947279463,
            "5%:": 0.0006165030304088915,
            "95%:": 0.008295340447063863
        }
    }
}