{
    "ZONE_1": {
        "Hist - Pre-1919": {
            "Avg": 1.1549471497566366,
            "5%:": 0.9109113699193655,
            "95%:": 1.4287133688943856
        },
        "URM - 1919-1945": {
            "Avg": 0.8934004395394,
            "5%:": 0.6433458854606919,
            "95%:": 1.257038648282292
        },
        "URM - 1945-1960": {
            "Avg": 0.5765673884185604,
            "5%:": 0.381343257403445,
            "95%:": 0.7837632822582606
        },
        "URM - Post-1960": {
            "Avg": 0.24615898902162436,
            "5%:": 0.12470919043844002,
            "95%:": 0.4728459135530142
        },
        "RM": {
            "Avg": 0.25840807913033376,
            "5%:": 0.11993451318207751,
            "95%:": 0.42646835556494
        }
    },
    "ZONE_2": {
        "Hist - Pre-1919": {
            "Avg": 1.002539032623368,
            "5%:": 0.6485318375432625,
            "95%:": 1.3218766484391975
        },
        "URM - 1919-1945": {
            "Avg": 0.7110687885467586,
            "5%:": 0.43449730941211506,
            "95%:": 1.094874776197555
        },
        "URM - 1945-1960": {
            "Avg": 0.44460429672474566,
            "5%:": 0.256687296188415,
            "95%:": 0.6685807993344075
        },
        "URM - Post-1960": {
            "Avg": 0.1711386385674355,
            "5%:": 0.0798211050586295,
            "95%:": 0.33926074177573223
        },
        "RM": {
            "Avg": 0.16645915029763317,
            "5%:": 0.0517103518544335,
            "95%:": 0.3180929916772434
        }
    },
    "ZONE_3": {
        "Hist - Pre-1919": {
            "Avg": 0.5759028387586591,
            "5%:": 0.164263779854442,
            "95%:": 1.0540623135666658
        },
        "URM - 1919-1945": {
            "Avg": 0.3402174945983893,
            "5%:": 0.0921103039511775,
            "95%:": 0.6934992522333895
        },
        "URM - 1945-1960": {
            "Avg": 0.2072751907981002,
            "5%:": 0.052496636605944995,
            "95%:": 0.42484186729248435
        },
        "URM - Post-1960": {
            "Avg": 0.06633684391479623,
            "5%:": 0.013833249817338,
            "95%:": 0.15855649880660794
        },
        "RM": {
            "Avg": 0.0553067081076684,
            "5%:": 0.0051359452184693575,
            "95%:": 0.1541664540885595
        }
    },
    "ZONE_4": {
        "Hist - Pre-1919": {
            "Avg": 0.16118446614555246,
            "5%:": 0.05633450897734749,
            "95%:": 0.34033160377644933
        },
        "URM - 1919-1945": {
            "Avg": 0.07040430698828151,
            "5%:": 0.0355243886517325,
            "95%:": 0.1369886960304075
        },
        "URM - 1945-1960": {
            "Avg": 0.04297875532383362,
            "5%:": 0.019183566401375,
            "95%:": 0.09322810342988748
        },
        "URM - Post-1960": {
            "Avg": 0.01026525391265974,
            "5%:": 0.0039184505831507035,
            "95%:": 0.0199923678457255
        },
        "RM": {
            "Avg": 0.006062819045098857,
            "5%:": 0.00049573399896687,
            "95%:": 0.016383736851622498
        }
    }
}