{
    "ZONE_1": {
        "GLD - Pre-1970": {
            "Avg": 1.0115414192186523,
            "5%:": 0.290605155031189,
            "95%:": 1.7679495418332813
        },
        "GLD - 1970-2003": {
            "Avg": 0.7838686900548791,
            "5%:": 0.31570700095279197,
            "95%:": 1.2103208523420637
        },
        "ERD - Pre-1970": {
            "Avg": 0.6302997366323984,
            "5%:": 0.3032156950457345,
            "95%:": 0.9387934051793155
        },
        "ERD - 1970-2003": {
            "Avg": 0.5343818410288123,
            "5%:": 0.1862306438805815,
            "95%:": 0.9451264256136672
        },
        "ERD - Post-2003": {
            "Avg": 0.19152393739194035,
            "5%:": 0.090516131055236,
            "95%:": 0.3006777217840735
        }
    },
    "ZONE_2": {
        "GLD - Pre-1970": {
            "Avg": 0.7035937841160815,
            "5%:": 0.1881905261111305,
            "95%:": 1.3667815987644465
        },
        "GLD - 1970-2003": {
            "Avg": 0.5341018338136335,
            "5%:": 0.18650267173510301,
            "95%:": 0.9536471421619954
        },
        "ERD - Pre-1970": {
            "Avg": 0.4182981277592946,
            "5%:": 0.167679185261881,
            "95%:": 0.7238127148831309
        },
        "ERD - 1970-2003": {
            "Avg": 0.35234961451342856,
            "5%:": 0.0951929645461225,
            "95%:": 0.7081003087428925
        },
        "ERD - Post-2003": {
            "Avg": 0.12484738325447915,
            "5%:": 0.050910074654043,
            "95%:": 0.21341478137368997
        }
    },
    "ZONE_3": {
        "GLD - Pre-1970": {
            "Avg": 0.26483741269500854,
            "5%:": 0.0357459340264525,
            "95%:": 0.7057818575669322
        },
        "GLD - 1970-2003": {
            "Avg": 0.19782653620409957,
            "5%:": 0.029053141472041504,
            "95%:": 0.48756700473595144
        },
        "ERD - Pre-1970": {
            "Avg": 0.14814234290863276,
            "5%:": 0.024264111111725,
            "95%:": 0.361905437369225
        },
        "ERD - 1970-2003": {
            "Avg": 0.12432215264720241,
            "5%:": 0.012640343875755002,
            "95%:": 0.3384885915820358
        },
        "ERD - Post-2003": {
            "Avg": 0.04589428630870685,
            "5%:": 0.007254738350181409,
            "95%:": 0.106008627953284
        }
    },
    "ZONE_4": {
        "GLD - Pre-1970": {
            "Avg": 0.0362139225464551,
            "5%:": 0.008468700493770834,
            "95%:": 0.0766592261318745
        },
        "GLD - 1970-2003": {
            "Avg": 0.027187530447411082,
            "5%:": 0.004136083948375931,
            "95%:": 0.058305957238697984
        },
        "ERD - Pre-1970": {
            "Avg": 0.018511125384248442,
            "5%:": 0.004406414884707585,
            "95%:": 0.036904476972695
        },
        "ERD - 1970-2003": {
            "Avg": 0.01563100151458127,
            "5%:": 0.0015474654689840196,
            "95%:": 0.039743539009833975
        },
        "ERD - Post-2003": {
            "Avg": 0.007012950754723246,
            "5%:": 0.002157188476052091,
            "95%:": 0.017812050716452
        }
    }
}