{
    "ZONE_1": {
        "Hist - Pre-1919": {
            "Avg": 1.116637587721227,
            "5%:": 0.7840910970023389,
            "95%:": 1.3966176539092605
        },
        "URM - 1919-1945": {
            "Avg": 0.7919107098919866,
            "5%:": 0.5284496745201526,
            "95%:": 1.1804894762430076
        },
        "URM - 1945-1960": {
            "Avg": 0.49952933935743943,
            "5%:": 0.319308016145341,
            "95%:": 0.732269897355734
        },
        "URM - Post-1960": {
            "Avg": 0.1962163690325553,
            "5%:": 0.1027999928398055,
            "95%:": 0.37394766422673054
        },
        "RM": {
            "Avg": 0.194106894660793,
            "5%:": 0.084574548012207,
            "95%:": 0.339896879583299
        }
    },
    "ZONE_2": {
        "Hist - Pre-1919": {
            "Avg": 0.8592801640113702,
            "5%:": 0.49058353526695003,
            "95%:": 1.1965598655142875
        },
        "URM - 1919-1945": {
            "Avg": 0.564081673597807,
            "5%:": 0.32033834313520004,
            "95%:": 0.9307066292140467
        },
        "URM - 1945-1960": {
            "Avg": 0.3487108588002684,
            "5%:": 0.1890522231108375,
            "95%:": 0.56683511174164
        },
        "URM - Post-1960": {
            "Avg": 0.1250932197692487,
            "5%:": 0.05730496328949901,
            "95%:": 0.24654104156364448
        },
        "RM": {
            "Avg": 0.11519580650007645,
            "5%:": 0.032438558321923,
            "95%:": 0.23311035500538038
        }
    },
    "ZONE_3": {
        "Hist - Pre-1919": {
            "Avg": 0.4254163611015345,
            "5%:": 0.09813088494782099,
            "95%:": 0.8601067994118743
        },
        "URM - 1919-1945": {
            "Avg": 0.2334789055607149,
            "5%:": 0.05470192581195,
            "95%:": 0.508414713058755
        },
        "URM - 1945-1960": {
            "Avg": 0.14256585023432303,
            "5%:": 0.030752396158541,
            "95%:": 0.317878840130593
        },
        "URM - Post-1960": {
            "Avg": 0.04331706852008067,
            "5%:": 0.007885557955856586,
            "95%:": 0.10666622926774141
        },
        "RM": {
            "Avg": 0.0344676737215916,
            "5%:": 0.0025974302306765334,
            "95%:": 0.10128311201955749
        }
    },
    "ZONE_4": {
        "Hist - Pre-1919": {
            "Avg": 0.10559369921691901,
            "5%:": 0.0316835460809525,
            "95%:": 0.24189380356320545
        },
        "URM - 1919-1945": {
            "Avg": 0.04084599642782148,
            "5%:": 0.0199953195531825,
            "95%:": 0.0811451730327
        },
        "URM - 1945-1960": {
            "Avg": 0.025352374205042254,
            "5%:": 0.010727557951006,
            "95%:": 0.05734497597758649
        },
        "URM - Post-1960": {
            "Avg": 0.005671199593199316,
            "5%:": 0.0019364511693046134,
            "95%:": 0.011220757586305497
        },
        "RM": {
            "Avg": 0.003028638207247312,
            "5%:": 0.00020379845957318652,
            "95%:": 0.008517906344899117
        }
    }
}