{
    "ZONE_1": {
        "GLD - Pre-1970": {
            "Avg": 1.1655502974551175,
            "5%:": 0.34074248578460603,
            "95%:": 1.914027229358017
        },
        "GLD - 1970-2003": {
            "Avg": 0.9265924021990488,
            "5%:": 0.432513015405159,
            "95%:": 1.3449739839907364
        },
        "ERD - Pre-1970": {
            "Avg": 0.7646619243249062,
            "5%:": 0.395820302344671,
            "95%:": 1.092463731764259
        },
        "ERD - 1970-2003": {
            "Avg": 0.6519112645120445,
            "5%:": 0.257811093944518,
            "95%:": 1.0879891855043893
        },
        "ERD - Post-2003": {
            "Avg": 0.23483367816575154,
            "5%:": 0.112702674547448,
            "95%:": 0.3904385332512315
        }
    },
    "ZONE_2": {
        "GLD - Pre-1970": {
            "Avg": 0.9153029661929089,
            "5%:": 0.24935306733873952,
            "95%:": 1.686079787170241
        },
        "GLD - 1970-2003": {
            "Avg": 0.7040188977882146,
            "5%:": 0.2758658292017735,
            "95%:": 1.1867424999253906
        },
        "ERD - Pre-1970": {
            "Avg": 0.5619864092214253,
            "5%:": 0.24331978179053354,
            "95%:": 0.915176255058669
        },
        "ERD - 1970-2003": {
            "Avg": 0.47483843332762377,
            "5%:": 0.144818098415845,
            "95%:": 0.8964713442870675
        },
        "ERD - Post-2003": {
            "Avg": 0.16706450308094994,
            "5%:": 0.07036317669018549,
            "95%:": 0.29509769223287446
        }
    },
    "ZONE_3": {
        "GLD - Pre-1970": {
            "Avg": 0.403882673232918,
            "5%:": 0.0637050614457115,
            "95%:": 1.011736138612752
        },
        "GLD - 1970-2003": {
            "Avg": 0.3016230803207974,
            "5%:": 0.05276280563798,
            "95%:": 0.6968893528501441
        },
        "ERD - Pre-1970": {
            "Avg": 0.2291531568280923,
            "5%:": 0.0445785892660245,
            "95%:": 0.5237113064631049
        },
        "ERD - 1970-2003": {
            "Avg": 0.1920598401308107,
            "5%:": 0.023770327356823502,
            "95%:": 0.4921417871659342
        },
        "ERD - Post-2003": {
            "Avg": 0.06862001757694569,
            "5%:": 0.013460553676251501,
            "95%:": 0.151250387480908
        }
    },
    "ZONE_4": {
        "GLD - Pre-1970": {
            "Avg": 0.06825638823704337,
            "5%:": 0.0158754804613675,
            "95%:": 0.14463997681498397
        },
        "GLD - 1970-2003": {
            "Avg": 0.050624655894909394,
            "5%:": 0.008734466404197951,
            "95%:": 0.10565472176961592
        },
        "ERD - Pre-1970": {
            "Avg": 0.03541291589468645,
            "5%:": 0.009335110655617882,
            "95%:": 0.06917103235069999
        },
        "ERD - 1970-2003": {
            "Avg": 0.029679755558977044,
            "5%:": 0.003467223816324009,
            "95%:": 0.07286813401780098
        },
        "ERD - Post-2003": {
            "Avg": 0.012094565090659115,
            "5%:": 0.004267548776109653,
            "95%:": 0.028484551614232002
        }
    }
}